<?xml version="1.0"?>
<ArrayOfFastMacrosStruct xmlns:xsi="http://www.w3.org/2001/XMLSchema-instance" xmlns:xsd="http://www.w3.org/2001/XMLSchema">
  <FastMacrosStruct>
    <Number>0</Number>
    <Macros />
  </FastMacrosStruct>
  <FastMacrosStruct>
    <Number>1</Number>
    <Macros />
  </FastMacrosStruct>
  <FastMacrosStruct>
    <Number>2</Number>
    <Macros />
  </FastMacrosStruct>
  <FastMacrosStruct>
    <Number>3</Number>
    <Macros />
  </FastMacrosStruct>
  <FastMacrosStruct>
    <Number>4</Number>
    <Macros />
  </FastMacrosStruct>
  <FastMacrosStruct>
    <Number>5</Number>
    <Macros />
  </FastMacrosStruct>
  <FastMacrosStruct>
    <Number>6</Number>
    <Macros />
  </FastMacrosStruct>
  <FastMacrosStruct>
    <Number>7</Number>
    <Macros />
  </FastMacrosStruct>
  <FastMacrosStruct>
    <Number>8</Number>
    <Macros />
  </FastMacrosStruct>
  <FastMacrosStruct>
    <Number>9</Number>
    <Macros />
  </FastMacrosStruct>
</ArrayOfFastMacrosStruct>